hand_sign_example_120.jpg,5
hand_sign_example_121.jpg,1
hand_sign_example_122.jpg,5
hand_sign_example_123.jpg,1
hand_sign_example_124.jpg,0
hand_sign_example_125.jpg,2
hand_sign_example_126.jpg,1
hand_sign_example_127.jpg,1
hand_sign_example_128.jpg,2
hand_sign_example_129.jpg,2
hand_sign_example_130.jpg,4
hand_sign_example_131.jpg,5
hand_sign_example_132.jpg,3
hand_sign_example_133.jpg,0
hand_sign_example_134.jpg,0
hand_sign_example_135.jpg,0
hand_sign_example_136.jpg,0
hand_sign_example_137.jpg,2
hand_sign_example_138.jpg,4
hand_sign_example_139.jpg,3
hand_sign_example_140.jpg,1
hand_sign_example_141.jpg,4
hand_sign_example_142.jpg,0
hand_sign_example_143.jpg,1
hand_sign_example_144.jpg,2
hand_sign_example_145.jpg,0
hand_sign_example_146.jpg,1
hand_sign_example_147.jpg,0
hand_sign_example_148.jpg,3
hand_sign_example_149.jpg,0
hand_sign_example_150.jpg,3
hand_sign_example_151.jpg,0
hand_sign_example_152.jpg,3
hand_sign_example_153.jpg,2
hand_sign_example_154.jpg,0
hand_sign_example_155.jpg,4
hand_sign_example_156.jpg,0
hand_sign_example_157.jpg,4
hand_sign_example_158.jpg,0
hand_sign_example_159.jpg,5
hand_sign_example_160.jpg,2
hand_sign_example_161.jpg,0
hand_sign_example_162.jpg,5
hand_sign_example_163.jpg,5
hand_sign_example_164.jpg,0
hand_sign_example_165.jpg,4
hand_sign_example_166.jpg,3
hand_sign_example_167.jpg,4
hand_sign_example_168.jpg,4
hand_sign_example_169.jpg,4
hand_sign_example_170.jpg,1
hand_sign_example_171.jpg,5
hand_sign_example_172.jpg,1
hand_sign_example_173.jpg,0
hand_sign_example_174.jpg,1
hand_sign_example_175.jpg,3
hand_sign_example_176.jpg,2
hand_sign_example_177.jpg,0
hand_sign_example_178.jpg,5
hand_sign_example_179.jpg,4
hand_sign_example_180.jpg,1
hand_sign_example_181.jpg,3
hand_sign_example_182.jpg,2
hand_sign_example_183.jpg,3
hand_sign_example_184.jpg,0
hand_sign_example_185.jpg,0
hand_sign_example_186.jpg,3
hand_sign_example_187.jpg,2
hand_sign_example_188.jpg,4
hand_sign_example_189.jpg,3
hand_sign_example_190.jpg,4
hand_sign_example_191.jpg,3
hand_sign_example_192.jpg,3
hand_sign_example_193.jpg,1
hand_sign_example_194.jpg,0
hand_sign_example_195.jpg,2
hand_sign_example_196.jpg,4
hand_sign_example_197.jpg,0
hand_sign_example_198.jpg,3
hand_sign_example_199.jpg,4
hand_sign_example_200.jpg,1
hand_sign_example_201.jpg,5
hand_sign_example_202.jpg,2
hand_sign_example_203.jpg,0
hand_sign_example_204.jpg,3
hand_sign_example_205.jpg,0
hand_sign_example_206.jpg,2
hand_sign_example_207.jpg,5
hand_sign_example_208.jpg,4
hand_sign_example_209.jpg,5
hand_sign_example_210.jpg,2
hand_sign_example_211.jpg,4
hand_sign_example_212.jpg,3
hand_sign_example_213.jpg,1
hand_sign_example_214.jpg,2
hand_sign_example_215.jpg,5
hand_sign_example_216.jpg,5
hand_sign_example_217.jpg,2
hand_sign_example_218.jpg,4
hand_sign_example_219.jpg,5
hand_sign_example_220.jpg,1
hand_sign_example_221.jpg,5
hand_sign_example_222.jpg,2
hand_sign_example_223.jpg,4
hand_sign_example_224.jpg,2
hand_sign_example_225.jpg,4
hand_sign_example_226.jpg,3
hand_sign_example_227.jpg,5
hand_sign_example_228.jpg,3
hand_sign_example_229.jpg,1
hand_sign_example_230.jpg,0
hand_sign_example_231.jpg,0
hand_sign_example_232.jpg,1
hand_sign_example_233.jpg,2
hand_sign_example_234.jpg,5
hand_sign_example_235.jpg,1
hand_sign_example_236.jpg,4
hand_sign_example_237.jpg,3
hand_sign_example_238.jpg,3
hand_sign_example_239.jpg,5
hand_sign_example_240.jpg,1
hand_sign_example_241.jpg,0
hand_sign_example_242.jpg,4
hand_sign_example_243.jpg,3
hand_sign_example_244.jpg,0
hand_sign_example_245.jpg,1
hand_sign_example_246.jpg,2
hand_sign_example_247.jpg,1
hand_sign_example_248.jpg,4
hand_sign_example_249.jpg,4
hand_sign_example_250.jpg,1
hand_sign_example_251.jpg,2
hand_sign_example_252.jpg,5
hand_sign_example_253.jpg,1
hand_sign_example_254.jpg,0
hand_sign_example_255.jpg,4
hand_sign_example_256.jpg,1
hand_sign_example_257.jpg,3
hand_sign_example_258.jpg,2
hand_sign_example_259.jpg,5
hand_sign_example_260.jpg,4
hand_sign_example_261.jpg,1
hand_sign_example_262.jpg,4
hand_sign_example_263.jpg,1
hand_sign_example_264.jpg,2
hand_sign_example_265.jpg,2
hand_sign_example_266.jpg,0
hand_sign_example_267.jpg,0
hand_sign_example_268.jpg,1
hand_sign_example_269.jpg,0
hand_sign_example_270.jpg,2
hand_sign_example_271.jpg,0
hand_sign_example_272.jpg,0
hand_sign_example_273.jpg,2
hand_sign_example_274.jpg,4
hand_sign_example_275.jpg,4
hand_sign_example_276.jpg,3
hand_sign_example_277.jpg,1
hand_sign_example_278.jpg,4
hand_sign_example_279.jpg,5
hand_sign_example_280.jpg,3
hand_sign_example_281.jpg,1
hand_sign_example_282.jpg,0
hand_sign_example_283.jpg,0
hand_sign_example_284.jpg,2
hand_sign_example_285.jpg,5
hand_sign_example_286.jpg,1
hand_sign_example_287.jpg,0
hand_sign_example_288.jpg,1
hand_sign_example_289.jpg,3
hand_sign_example_290.jpg,3
hand_sign_example_291.jpg,0
hand_sign_example_292.jpg,1
hand_sign_example_293.jpg,3
hand_sign_example_294.jpg,5
hand_sign_example_295.jpg,5
hand_sign_example_296.jpg,0
hand_sign_example_297.jpg,1
hand_sign_example_298.jpg,1
hand_sign_example_299.jpg,4
hand_sign_example_300.jpg,5
hand_sign_example_301.jpg,0
hand_sign_example_302.jpg,0
hand_sign_example_303.jpg,1
hand_sign_example_304.jpg,2
hand_sign_example_305.jpg,5
hand_sign_example_306.jpg,4
hand_sign_example_307.jpg,1
hand_sign_example_308.jpg,3
hand_sign_example_309.jpg,5
hand_sign_example_310.jpg,5
hand_sign_example_311.jpg,5
hand_sign_example_312.jpg,1
hand_sign_example_313.jpg,4
hand_sign_example_314.jpg,1
hand_sign_example_315.jpg,0
hand_sign_example_316.jpg,5
hand_sign_example_317.jpg,3
hand_sign_example_318.jpg,0
hand_sign_example_319.jpg,2
hand_sign_example_320.jpg,4
hand_sign_example_321.jpg,2
hand_sign_example_322.jpg,2
hand_sign_example_323.jpg,2
hand_sign_example_324.jpg,1
hand_sign_example_325.jpg,5
hand_sign_example_326.jpg,2
hand_sign_example_327.jpg,3
hand_sign_example_328.jpg,0
hand_sign_example_329.jpg,3
hand_sign_example_330.jpg,2
hand_sign_example_331.jpg,0
hand_sign_example_332.jpg,0
hand_sign_example_333.jpg,1
hand_sign_example_334.jpg,5
hand_sign_example_335.jpg,1
hand_sign_example_336.jpg,5
hand_sign_example_337.jpg,2
hand_sign_example_338.jpg,1
hand_sign_example_339.jpg,3
hand_sign_example_340.jpg,3
hand_sign_example_341.jpg,3
hand_sign_example_342.jpg,3
hand_sign_example_343.jpg,4
hand_sign_example_344.jpg,2
hand_sign_example_345.jpg,2
hand_sign_example_346.jpg,0
hand_sign_example_347.jpg,3
hand_sign_example_348.jpg,1
hand_sign_example_349.jpg,2
hand_sign_example_350.jpg,4
hand_sign_example_351.jpg,0
hand_sign_example_352.jpg,5
hand_sign_example_353.jpg,1
hand_sign_example_354.jpg,1
hand_sign_example_355.jpg,3
hand_sign_example_356.jpg,2
hand_sign_example_357.jpg,0
hand_sign_example_358.jpg,4
hand_sign_example_359.jpg,3
hand_sign_example_360.jpg,3
hand_sign_example_361.jpg,3
hand_sign_example_362.jpg,3
hand_sign_example_363.jpg,0
hand_sign_example_364.jpg,4
hand_sign_example_365.jpg,0
hand_sign_example_366.jpg,4
hand_sign_example_367.jpg,5
hand_sign_example_368.jpg,4
hand_sign_example_369.jpg,3
hand_sign_example_370.jpg,5
hand_sign_example_371.jpg,2
hand_sign_example_372.jpg,5
hand_sign_example_373.jpg,3
hand_sign_example_374.jpg,4
hand_sign_example_375.jpg,4
hand_sign_example_376.jpg,1
hand_sign_example_377.jpg,5
hand_sign_example_378.jpg,5
hand_sign_example_379.jpg,4
hand_sign_example_380.jpg,0
hand_sign_example_381.jpg,3
hand_sign_example_382.jpg,4
hand_sign_example_383.jpg,1
hand_sign_example_384.jpg,3
hand_sign_example_385.jpg,3
hand_sign_example_386.jpg,3
hand_sign_example_387.jpg,2
hand_sign_example_388.jpg,1
hand_sign_example_389.jpg,1
hand_sign_example_390.jpg,3
hand_sign_example_391.jpg,2
hand_sign_example_392.jpg,0
hand_sign_example_393.jpg,3
hand_sign_example_394.jpg,1
hand_sign_example_395.jpg,1
hand_sign_example_396.jpg,3
hand_sign_example_397.jpg,0
hand_sign_example_398.jpg,1
hand_sign_example_399.jpg,2
hand_sign_example_400.jpg,0
hand_sign_example_401.jpg,0
hand_sign_example_402.jpg,0
hand_sign_example_403.jpg,1
hand_sign_example_404.jpg,0
hand_sign_example_405.jpg,3
hand_sign_example_406.jpg,5
hand_sign_example_407.jpg,0
hand_sign_example_408.jpg,4
hand_sign_example_409.jpg,0
hand_sign_example_410.jpg,2
hand_sign_example_411.jpg,4
hand_sign_example_412.jpg,0
hand_sign_example_413.jpg,2
hand_sign_example_414.jpg,3
hand_sign_example_415.jpg,2
hand_sign_example_416.jpg,3
hand_sign_example_417.jpg,3
hand_sign_example_418.jpg,1
hand_sign_example_419.jpg,4
hand_sign_example_420.jpg,2
hand_sign_example_421.jpg,3
hand_sign_example_422.jpg,2
hand_sign_example_423.jpg,3
hand_sign_example_424.jpg,4
hand_sign_example_425.jpg,4
hand_sign_example_426.jpg,4
hand_sign_example_427.jpg,4
hand_sign_example_428.jpg,1
hand_sign_example_429.jpg,0
hand_sign_example_430.jpg,0
hand_sign_example_431.jpg,3
hand_sign_example_432.jpg,3
hand_sign_example_433.jpg,2
hand_sign_example_434.jpg,5
hand_sign_example_435.jpg,0
hand_sign_example_436.jpg,3
hand_sign_example_437.jpg,1
hand_sign_example_438.jpg,0
hand_sign_example_439.jpg,5
hand_sign_example_440.jpg,1
hand_sign_example_441.jpg,5
hand_sign_example_442.jpg,2
hand_sign_example_443.jpg,1
hand_sign_example_444.jpg,3
hand_sign_example_445.jpg,3
hand_sign_example_446.jpg,4
hand_sign_example_447.jpg,3
hand_sign_example_448.jpg,0
hand_sign_example_449.jpg,5
hand_sign_example_450.jpg,1
hand_sign_example_451.jpg,5
hand_sign_example_452.jpg,2
hand_sign_example_453.jpg,2
hand_sign_example_454.jpg,4
hand_sign_example_455.jpg,2
hand_sign_example_456.jpg,4
hand_sign_example_457.jpg,3
hand_sign_example_458.jpg,4
hand_sign_example_459.jpg,2
hand_sign_example_460.jpg,2
hand_sign_example_461.jpg,5
hand_sign_example_462.jpg,4
hand_sign_example_463.jpg,4
hand_sign_example_464.jpg,1
hand_sign_example_465.jpg,2
hand_sign_example_466.jpg,0
hand_sign_example_467.jpg,5
hand_sign_example_468.jpg,1
hand_sign_example_469.jpg,2
hand_sign_example_470.jpg,4
hand_sign_example_471.jpg,5
hand_sign_example_472.jpg,4
hand_sign_example_473.jpg,4
hand_sign_example_474.jpg,0
hand_sign_example_475.jpg,1
hand_sign_example_476.jpg,3
hand_sign_example_477.jpg,2
hand_sign_example_478.jpg,0
hand_sign_example_479.jpg,2
hand_sign_example_480.jpg,0
hand_sign_example_481.jpg,3
hand_sign_example_482.jpg,5
hand_sign_example_483.jpg,2
hand_sign_example_484.jpg,5
hand_sign_example_485.jpg,1
hand_sign_example_486.jpg,2
hand_sign_example_487.jpg,3
hand_sign_example_488.jpg,5
hand_sign_example_489.jpg,3
hand_sign_example_490.jpg,5
hand_sign_example_491.jpg,5
hand_sign_example_492.jpg,1
hand_sign_example_493.jpg,5
hand_sign_example_494.jpg,0
hand_sign_example_495.jpg,2
hand_sign_example_496.jpg,3
hand_sign_example_497.jpg,0
hand_sign_example_498.jpg,4
hand_sign_example_499.jpg,1
hand_sign_example_500.jpg,3
hand_sign_example_501.jpg,4
hand_sign_example_502.jpg,2
hand_sign_example_503.jpg,2
hand_sign_example_504.jpg,4
hand_sign_example_505.jpg,5
hand_sign_example_506.jpg,3
hand_sign_example_507.jpg,0
hand_sign_example_508.jpg,3
hand_sign_example_509.jpg,1
hand_sign_example_510.jpg,5
hand_sign_example_511.jpg,5
hand_sign_example_512.jpg,4
hand_sign_example_513.jpg,0
hand_sign_example_514.jpg,2
hand_sign_example_515.jpg,1
hand_sign_example_516.jpg,4
hand_sign_example_517.jpg,2
hand_sign_example_518.jpg,2
hand_sign_example_519.jpg,2
hand_sign_example_520.jpg,1
hand_sign_example_521.jpg,2
hand_sign_example_522.jpg,0
hand_sign_example_523.jpg,5
hand_sign_example_524.jpg,5
hand_sign_example_525.jpg,4
hand_sign_example_526.jpg,3
hand_sign_example_527.jpg,5
hand_sign_example_528.jpg,4
hand_sign_example_529.jpg,3
hand_sign_example_530.jpg,5
hand_sign_example_531.jpg,3
hand_sign_example_532.jpg,1
hand_sign_example_533.jpg,1
hand_sign_example_534.jpg,3
hand_sign_example_535.jpg,0
hand_sign_example_536.jpg,2
hand_sign_example_537.jpg,3
hand_sign_example_538.jpg,5
hand_sign_example_539.jpg,0
hand_sign_example_540.jpg,3
hand_sign_example_541.jpg,3
hand_sign_example_542.jpg,3
hand_sign_example_543.jpg,5
hand_sign_example_544.jpg,5
hand_sign_example_545.jpg,3
hand_sign_example_546.jpg,1
hand_sign_example_547.jpg,4
hand_sign_example_548.jpg,0
hand_sign_example_549.jpg,3
hand_sign_example_550.jpg,0
hand_sign_example_551.jpg,5
hand_sign_example_552.jpg,0
hand_sign_example_553.jpg,4
hand_sign_example_554.jpg,1
hand_sign_example_555.jpg,3
hand_sign_example_556.jpg,2
hand_sign_example_557.jpg,1
hand_sign_example_558.jpg,1
hand_sign_example_559.jpg,1
hand_sign_example_560.jpg,4
hand_sign_example_561.jpg,5
hand_sign_example_562.jpg,3
hand_sign_example_563.jpg,4
hand_sign_example_564.jpg,3
hand_sign_example_565.jpg,0
hand_sign_example_566.jpg,5
hand_sign_example_567.jpg,0
hand_sign_example_568.jpg,2
hand_sign_example_569.jpg,5
hand_sign_example_570.jpg,3
hand_sign_example_571.jpg,1
hand_sign_example_572.jpg,3
hand_sign_example_573.jpg,1
hand_sign_example_574.jpg,5
hand_sign_example_575.jpg,5
hand_sign_example_576.jpg,5
hand_sign_example_577.jpg,3
hand_sign_example_578.jpg,1
hand_sign_example_579.jpg,5
hand_sign_example_580.jpg,2
hand_sign_example_581.jpg,3
hand_sign_example_582.jpg,5
hand_sign_example_583.jpg,0
hand_sign_example_584.jpg,4
hand_sign_example_585.jpg,4
hand_sign_example_586.jpg,3
hand_sign_example_587.jpg,5
hand_sign_example_588.jpg,5
hand_sign_example_589.jpg,2
hand_sign_example_590.jpg,3
hand_sign_example_591.jpg,4
hand_sign_example_592.jpg,0
hand_sign_example_593.jpg,2
hand_sign_example_594.jpg,0
hand_sign_example_595.jpg,5
hand_sign_example_596.jpg,3
hand_sign_example_597.jpg,0
hand_sign_example_598.jpg,5
hand_sign_example_599.jpg,4
hand_sign_example_600.jpg,1
hand_sign_example_601.jpg,3
hand_sign_example_602.jpg,0
hand_sign_example_603.jpg,3
hand_sign_example_604.jpg,0
hand_sign_example_605.jpg,1
hand_sign_example_606.jpg,4
hand_sign_example_607.jpg,1
hand_sign_example_608.jpg,2
hand_sign_example_609.jpg,2
hand_sign_example_610.jpg,2
hand_sign_example_611.jpg,1
hand_sign_example_612.jpg,3
hand_sign_example_613.jpg,1
hand_sign_example_614.jpg,4
hand_sign_example_615.jpg,5
hand_sign_example_616.jpg,4
hand_sign_example_617.jpg,4
hand_sign_example_618.jpg,1
hand_sign_example_619.jpg,3
hand_sign_example_620.jpg,0
hand_sign_example_621.jpg,4
hand_sign_example_622.jpg,3
hand_sign_example_623.jpg,0
hand_sign_example_624.jpg,1
hand_sign_example_625.jpg,0
hand_sign_example_626.jpg,1
hand_sign_example_627.jpg,3
hand_sign_example_628.jpg,4
hand_sign_example_629.jpg,4
hand_sign_example_630.jpg,0
hand_sign_example_631.jpg,3
hand_sign_example_632.jpg,2
hand_sign_example_633.jpg,2
hand_sign_example_634.jpg,4
hand_sign_example_635.jpg,2
hand_sign_example_636.jpg,3
hand_sign_example_637.jpg,0
hand_sign_example_638.jpg,1
hand_sign_example_639.jpg,3
hand_sign_example_640.jpg,3
hand_sign_example_641.jpg,0
hand_sign_example_642.jpg,0
hand_sign_example_643.jpg,5
hand_sign_example_644.jpg,4
hand_sign_example_645.jpg,2
hand_sign_example_646.jpg,4
hand_sign_example_647.jpg,4
hand_sign_example_648.jpg,1
hand_sign_example_649.jpg,1
hand_sign_example_650.jpg,2
hand_sign_example_651.jpg,1
hand_sign_example_652.jpg,2
hand_sign_example_653.jpg,3
hand_sign_example_654.jpg,3
hand_sign_example_655.jpg,5
hand_sign_example_656.jpg,3
hand_sign_example_657.jpg,0
hand_sign_example_658.jpg,2
hand_sign_example_659.jpg,3
hand_sign_example_660.jpg,1
hand_sign_example_661.jpg,0
hand_sign_example_662.jpg,4
hand_sign_example_663.jpg,0
hand_sign_example_664.jpg,4
hand_sign_example_665.jpg,2
hand_sign_example_666.jpg,1
hand_sign_example_667.jpg,2
hand_sign_example_668.jpg,5
hand_sign_example_669.jpg,5
hand_sign_example_670.jpg,2
hand_sign_example_671.jpg,3
hand_sign_example_672.jpg,3
hand_sign_example_673.jpg,5
hand_sign_example_674.jpg,5
hand_sign_example_675.jpg,4
hand_sign_example_676.jpg,5
hand_sign_example_677.jpg,5
hand_sign_example_678.jpg,0
hand_sign_example_679.jpg,4
hand_sign_example_680.jpg,0
hand_sign_example_681.jpg,5
hand_sign_example_682.jpg,4
hand_sign_example_683.jpg,5
hand_sign_example_684.jpg,2
hand_sign_example_685.jpg,2
hand_sign_example_686.jpg,2
hand_sign_example_687.jpg,3
hand_sign_example_688.jpg,3
hand_sign_example_689.jpg,2
hand_sign_example_690.jpg,3
hand_sign_example_691.jpg,4
hand_sign_example_692.jpg,3
hand_sign_example_693.jpg,5
hand_sign_example_694.jpg,3
hand_sign_example_695.jpg,4
hand_sign_example_696.jpg,2
hand_sign_example_697.jpg,4
hand_sign_example_698.jpg,2
hand_sign_example_699.jpg,2
hand_sign_example_700.jpg,3
hand_sign_example_701.jpg,0
hand_sign_example_702.jpg,2
hand_sign_example_703.jpg,3
hand_sign_example_704.jpg,5
hand_sign_example_705.jpg,3
hand_sign_example_706.jpg,1
hand_sign_example_707.jpg,3
hand_sign_example_708.jpg,3
hand_sign_example_709.jpg,0
hand_sign_example_710.jpg,0
hand_sign_example_711.jpg,1
hand_sign_example_712.jpg,5
hand_sign_example_713.jpg,2
hand_sign_example_714.jpg,5
hand_sign_example_715.jpg,1
hand_sign_example_716.jpg,1
hand_sign_example_717.jpg,5
hand_sign_example_718.jpg,4
hand_sign_example_719.jpg,2
hand_sign_example_720.jpg,0
hand_sign_example_721.jpg,0
hand_sign_example_722.jpg,2
hand_sign_example_723.jpg,1
hand_sign_example_724.jpg,4
hand_sign_example_725.jpg,0
hand_sign_example_726.jpg,1
hand_sign_example_727.jpg,3
hand_sign_example_728.jpg,2
hand_sign_example_729.jpg,4
hand_sign_example_730.jpg,2
hand_sign_example_731.jpg,3
hand_sign_example_732.jpg,4
hand_sign_example_733.jpg,0
hand_sign_example_734.jpg,0
hand_sign_example_735.jpg,2
hand_sign_example_736.jpg,3
hand_sign_example_737.jpg,1
hand_sign_example_738.jpg,4
hand_sign_example_739.jpg,0
hand_sign_example_740.jpg,0
hand_sign_example_741.jpg,2
hand_sign_example_742.jpg,4
hand_sign_example_743.jpg,2
hand_sign_example_744.jpg,5
hand_sign_example_745.jpg,0
hand_sign_example_746.jpg,4
hand_sign_example_747.jpg,5
hand_sign_example_748.jpg,1
hand_sign_example_749.jpg,2
hand_sign_example_750.jpg,4
hand_sign_example_751.jpg,1
hand_sign_example_752.jpg,2
hand_sign_example_753.jpg,1
hand_sign_example_754.jpg,1
hand_sign_example_755.jpg,5
hand_sign_example_756.jpg,1
hand_sign_example_757.jpg,1
hand_sign_example_758.jpg,0
hand_sign_example_759.jpg,0
hand_sign_example_760.jpg,1
hand_sign_example_761.jpg,2
hand_sign_example_762.jpg,4
hand_sign_example_763.jpg,3
hand_sign_example_764.jpg,2
hand_sign_example_765.jpg,0
hand_sign_example_766.jpg,4
hand_sign_example_767.jpg,3
hand_sign_example_768.jpg,5
hand_sign_example_769.jpg,5
hand_sign_example_770.jpg,2
hand_sign_example_771.jpg,5
hand_sign_example_772.jpg,3
hand_sign_example_773.jpg,5
hand_sign_example_774.jpg,5
hand_sign_example_775.jpg,1
hand_sign_example_776.jpg,4
hand_sign_example_777.jpg,1
hand_sign_example_778.jpg,2
hand_sign_example_779.jpg,0
hand_sign_example_780.jpg,3
hand_sign_example_781.jpg,2
hand_sign_example_782.jpg,5
hand_sign_example_783.jpg,0
hand_sign_example_784.jpg,4
hand_sign_example_785.jpg,1
hand_sign_example_786.jpg,5
hand_sign_example_787.jpg,5
hand_sign_example_788.jpg,0
hand_sign_example_789.jpg,5
hand_sign_example_790.jpg,0
hand_sign_example_791.jpg,0
hand_sign_example_792.jpg,1
hand_sign_example_793.jpg,4
hand_sign_example_794.jpg,2
hand_sign_example_795.jpg,4
hand_sign_example_796.jpg,5
hand_sign_example_797.jpg,0
hand_sign_example_798.jpg,0
hand_sign_example_799.jpg,5
hand_sign_example_800.jpg,0
hand_sign_example_801.jpg,4
hand_sign_example_802.jpg,3
hand_sign_example_803.jpg,3
hand_sign_example_804.jpg,5
hand_sign_example_805.jpg,2
hand_sign_example_806.jpg,2
hand_sign_example_807.jpg,5
hand_sign_example_808.jpg,1
hand_sign_example_809.jpg,1
hand_sign_example_810.jpg,4
hand_sign_example_811.jpg,5
hand_sign_example_812.jpg,4
hand_sign_example_813.jpg,1
hand_sign_example_814.jpg,2
hand_sign_example_815.jpg,4
hand_sign_example_816.jpg,5
hand_sign_example_817.jpg,5
hand_sign_example_818.jpg,2
hand_sign_example_819.jpg,3
hand_sign_example_820.jpg,4
hand_sign_example_821.jpg,0
hand_sign_example_822.jpg,5
hand_sign_example_823.jpg,2
hand_sign_example_824.jpg,1
hand_sign_example_825.jpg,0
hand_sign_example_826.jpg,4
hand_sign_example_827.jpg,3
hand_sign_example_828.jpg,2
hand_sign_example_829.jpg,4
hand_sign_example_830.jpg,5
hand_sign_example_831.jpg,4
hand_sign_example_832.jpg,5
hand_sign_example_833.jpg,1
hand_sign_example_834.jpg,2
hand_sign_example_835.jpg,5
hand_sign_example_836.jpg,3
hand_sign_example_837.jpg,3
hand_sign_example_838.jpg,0
hand_sign_example_839.jpg,1
hand_sign_example_840.jpg,0
hand_sign_example_841.jpg,2
hand_sign_example_842.jpg,4
hand_sign_example_843.jpg,3
hand_sign_example_844.jpg,5
hand_sign_example_845.jpg,3
hand_sign_example_846.jpg,0
hand_sign_example_847.jpg,0
hand_sign_example_848.jpg,1
hand_sign_example_849.jpg,3
hand_sign_example_850.jpg,0
hand_sign_example_851.jpg,5
hand_sign_example_852.jpg,3
hand_sign_example_853.jpg,3
hand_sign_example_854.jpg,4
hand_sign_example_855.jpg,4
hand_sign_example_856.jpg,3
hand_sign_example_857.jpg,1
hand_sign_example_858.jpg,4
hand_sign_example_859.jpg,0
hand_sign_example_860.jpg,3
hand_sign_example_861.jpg,0
hand_sign_example_862.jpg,5
hand_sign_example_863.jpg,1
hand_sign_example_864.jpg,0
hand_sign_example_865.jpg,5
hand_sign_example_866.jpg,4
hand_sign_example_867.jpg,0
hand_sign_example_868.jpg,0
hand_sign_example_869.jpg,4
hand_sign_example_870.jpg,1
hand_sign_example_871.jpg,1
hand_sign_example_872.jpg,1
hand_sign_example_873.jpg,4
hand_sign_example_874.jpg,4
hand_sign_example_875.jpg,0
hand_sign_example_876.jpg,1
hand_sign_example_877.jpg,5
hand_sign_example_878.jpg,1
hand_sign_example_879.jpg,0
hand_sign_example_880.jpg,1
hand_sign_example_881.jpg,0
hand_sign_example_882.jpg,0
hand_sign_example_883.jpg,2
hand_sign_example_884.jpg,2
hand_sign_example_885.jpg,4
hand_sign_example_886.jpg,2
hand_sign_example_887.jpg,0
hand_sign_example_888.jpg,4
hand_sign_example_889.jpg,1
hand_sign_example_890.jpg,2
hand_sign_example_891.jpg,5
hand_sign_example_892.jpg,5
hand_sign_example_893.jpg,5
hand_sign_example_894.jpg,0
hand_sign_example_895.jpg,4
hand_sign_example_896.jpg,4
hand_sign_example_897.jpg,1
hand_sign_example_898.jpg,1
hand_sign_example_899.jpg,4
hand_sign_example_900.jpg,1
hand_sign_example_901.jpg,0
hand_sign_example_902.jpg,5
hand_sign_example_903.jpg,4
hand_sign_example_904.jpg,2
hand_sign_example_905.jpg,5
hand_sign_example_906.jpg,4
hand_sign_example_907.jpg,4
hand_sign_example_908.jpg,1
hand_sign_example_909.jpg,0
hand_sign_example_910.jpg,5
hand_sign_example_911.jpg,1
hand_sign_example_912.jpg,4
hand_sign_example_913.jpg,2
hand_sign_example_914.jpg,1
hand_sign_example_915.jpg,0
hand_sign_example_916.jpg,5
hand_sign_example_917.jpg,1
hand_sign_example_918.jpg,0
hand_sign_example_919.jpg,1
hand_sign_example_920.jpg,1
hand_sign_example_921.jpg,0
hand_sign_example_922.jpg,5
hand_sign_example_923.jpg,2
hand_sign_example_924.jpg,5
hand_sign_example_925.jpg,3
hand_sign_example_926.jpg,3
hand_sign_example_927.jpg,2
hand_sign_example_928.jpg,0
hand_sign_example_929.jpg,5
hand_sign_example_930.jpg,5
hand_sign_example_931.jpg,2
hand_sign_example_932.jpg,5
hand_sign_example_933.jpg,0
hand_sign_example_934.jpg,1
hand_sign_example_935.jpg,1
hand_sign_example_936.jpg,4
hand_sign_example_937.jpg,0
hand_sign_example_938.jpg,3
hand_sign_example_939.jpg,0
hand_sign_example_940.jpg,3
hand_sign_example_941.jpg,2
hand_sign_example_942.jpg,2
hand_sign_example_943.jpg,1
hand_sign_example_944.jpg,2
hand_sign_example_945.jpg,4
hand_sign_example_946.jpg,3
hand_sign_example_947.jpg,2
hand_sign_example_948.jpg,5
hand_sign_example_949.jpg,1
hand_sign_example_950.jpg,5
hand_sign_example_951.jpg,4
hand_sign_example_952.jpg,2
hand_sign_example_953.jpg,2
hand_sign_example_954.jpg,1
hand_sign_example_955.jpg,2
hand_sign_example_956.jpg,4
hand_sign_example_957.jpg,0
hand_sign_example_958.jpg,1
hand_sign_example_959.jpg,5
hand_sign_example_960.jpg,1
hand_sign_example_961.jpg,5
hand_sign_example_962.jpg,4
hand_sign_example_963.jpg,5
hand_sign_example_964.jpg,3
hand_sign_example_965.jpg,1
hand_sign_example_966.jpg,4
hand_sign_example_967.jpg,1
hand_sign_example_968.jpg,2
hand_sign_example_969.jpg,3
hand_sign_example_970.jpg,5
hand_sign_example_971.jpg,3
hand_sign_example_972.jpg,0
hand_sign_example_973.jpg,4
hand_sign_example_974.jpg,2
hand_sign_example_975.jpg,2
hand_sign_example_976.jpg,5
hand_sign_example_977.jpg,4
hand_sign_example_978.jpg,2
hand_sign_example_979.jpg,4
hand_sign_example_980.jpg,0
hand_sign_example_981.jpg,4
hand_sign_example_982.jpg,4
hand_sign_example_983.jpg,3
hand_sign_example_984.jpg,5
hand_sign_example_985.jpg,0
hand_sign_example_986.jpg,1
hand_sign_example_987.jpg,2
hand_sign_example_988.jpg,2
hand_sign_example_989.jpg,2
hand_sign_example_990.jpg,5
hand_sign_example_991.jpg,3
hand_sign_example_992.jpg,2
hand_sign_example_993.jpg,4
hand_sign_example_994.jpg,1
hand_sign_example_995.jpg,4
hand_sign_example_996.jpg,4
hand_sign_example_997.jpg,5
hand_sign_example_998.jpg,1
hand_sign_example_999.jpg,2
hand_sign_example_1000.jpg,2
hand_sign_example_1001.jpg,3
hand_sign_example_1002.jpg,5
hand_sign_example_1003.jpg,4
hand_sign_example_1004.jpg,1
hand_sign_example_1005.jpg,1
hand_sign_example_1006.jpg,4
hand_sign_example_1007.jpg,1
hand_sign_example_1008.jpg,2
hand_sign_example_1009.jpg,4
hand_sign_example_1010.jpg,5
hand_sign_example_1011.jpg,1
hand_sign_example_1012.jpg,0
hand_sign_example_1013.jpg,0
hand_sign_example_1014.jpg,3
hand_sign_example_1015.jpg,1
hand_sign_example_1016.jpg,4
hand_sign_example_1017.jpg,2
hand_sign_example_1018.jpg,0
hand_sign_example_1019.jpg,0
hand_sign_example_1020.jpg,4
hand_sign_example_1021.jpg,1
hand_sign_example_1022.jpg,4
hand_sign_example_1023.jpg,3
hand_sign_example_1024.jpg,3
hand_sign_example_1025.jpg,5
hand_sign_example_1026.jpg,5
hand_sign_example_1027.jpg,5
hand_sign_example_1028.jpg,3
hand_sign_example_1029.jpg,0
hand_sign_example_1030.jpg,5
hand_sign_example_1031.jpg,3
hand_sign_example_1032.jpg,3
hand_sign_example_1033.jpg,5
hand_sign_example_1034.jpg,2
hand_sign_example_1035.jpg,0
hand_sign_example_1036.jpg,3
hand_sign_example_1037.jpg,3
hand_sign_example_1038.jpg,0
hand_sign_example_1039.jpg,4
hand_sign_example_1040.jpg,2
hand_sign_example_1041.jpg,2
hand_sign_example_1042.jpg,3
hand_sign_example_1043.jpg,3
hand_sign_example_1044.jpg,0
hand_sign_example_1045.jpg,5
hand_sign_example_1046.jpg,4
hand_sign_example_1047.jpg,1
hand_sign_example_1048.jpg,3
hand_sign_example_1049.jpg,5
hand_sign_example_1050.jpg,2
hand_sign_example_1051.jpg,0
hand_sign_example_1052.jpg,1
hand_sign_example_1053.jpg,5
hand_sign_example_1054.jpg,4
hand_sign_example_1055.jpg,1
hand_sign_example_1056.jpg,2
hand_sign_example_1057.jpg,5
hand_sign_example_1058.jpg,4
hand_sign_example_1059.jpg,1
hand_sign_example_1060.jpg,3
hand_sign_example_1061.jpg,3
hand_sign_example_1062.jpg,2
hand_sign_example_1063.jpg,3
hand_sign_example_1064.jpg,4
hand_sign_example_1065.jpg,4
hand_sign_example_1066.jpg,5
hand_sign_example_1067.jpg,0
hand_sign_example_1068.jpg,5
hand_sign_example_1069.jpg,5
hand_sign_example_1070.jpg,3
hand_sign_example_1071.jpg,3
hand_sign_example_1072.jpg,2
hand_sign_example_1073.jpg,0
hand_sign_example_1074.jpg,2
hand_sign_example_1075.jpg,3
hand_sign_example_1076.jpg,1
hand_sign_example_1077.jpg,2
hand_sign_example_1078.jpg,4
hand_sign_example_1079.jpg,5
